[{"sendTime":"2022-11-04T21:06:08.291Z","dataVersion":"http://purl.imsglobal.org/ctx/caliper/v1p2","data":[{"@context":"http://purl.imsglobal.org/ctx/caliper/v1p2","type":"AssessmentEvent","id":"urn:uuid:2941531c-9051-4017-9309-789d95cc50b4","actor":{"id":"https://test.terracotta.education/users/62","type":"Person","extensions":{"terracotta_participant_id":7465,"lti_id":"0f3a3b29-7099-4b66-86f1-24d786b5ffe2","lti_tenant":"https://terracotta.instructure.com"}},"action":"Started","object":{"maxScore":15.0,"id":"https://test.terracotta.education/api/experiments/640/conditions/1193/treatments/732/assessments/725","type":"Assessment","name":"Consistent","extensions":{"terracotta_assessment_id":725,"terracotta_condition_id":1193,"terracotta_exposure_id":961,"terracotta_assignment_id":483,"canvas_assessment":"https://terracotta.instructure.com/courses/138/assignments/1601","terracotta_treatment_id":732},"version":"1"},"generated":{"startedAtTime":"2022-11-04T21:06:08.286Z","id":"https://test.terracotta.education/api/experiments/640/conditions/1193/treatments/732/assessments/725/submissions/3536","type":"Attempt","dateCreated":"2022-11-04T21:06:08.286Z","assignable":{"maxScore":15.0,"id":"https://test.terracotta.education/api/experiments/640/conditions/1193/treatments/732/assessments/725","type":"Assessment","name":"Consistent","extensions":{"terracotta_assessment_id":725,"terracotta_condition_id":1193,"terracotta_exposure_id":961,"terracotta_assignment_id":483,"canvas_assessment":"https://terracotta.instructure.com/courses/138/assignments/1601","terracotta_treatment_id":732},"version":"1"},"assignee":{"id":"https://test.terracotta.education/users/62","type":"Person","extensions":{"terracotta_participant_id":7465,"lti_id":"0f3a3b29-7099-4b66-86f1-24d786b5ffe2","lti_tenant":"https://terracotta.instructure.com"}},"count":1},"referrer":{"id":"https://terracotta.instructure.com","type":"SoftwareApplication"},"eventTime":"2022-11-04T21:06:08.291Z","edApp":{"id":"https://test.terracotta.education","type":"SoftwareApplication","name":"Terracotta TEST"},"group":{"id":"https://terracotta.instructure.com/courses/138","type":"CourseOffering","name":"Terracotta Quick Start Guide Course"},"membership":{"id":"https://terracotta.instructure.com/courses/138","type":"Membership","member":{"id":"https://test.terracotta.education/users/62","type":"Person","extensions":{"terracotta_participant_id":7465,"lti_id":"0f3a3b29-7099-4b66-86f1-24d786b5ffe2","lti_tenant":"https://terracotta.instructure.com"}},"organization":{"id":"https://terracotta.instructure.com/courses/138","type":"CourseOffering","name":"Terracotta Quick Start Guide Course"},"roles":["Learner"],"status":"Active"},"federatedSession":{"id":"urn:session_id_localized:https://test.terracotta.education/lti/oauth_nonce/c6d022c4c8a0104d9a85faf63f22ba63b4747ddcf25d32f57cfdb2d2dbffc0ca","type":"LtiSession","messageParameters":{"canvas_course_id":"138","lti_context_id":"f436db132fc4aa46006c0f246b5550bed3f33237","canvas_assignment_id":"1601","canvas_roles":["http://purl.imsglobal.org/vocab/lis/v2/institution/person#Student","http://purl.imsglobal.org/vocab/lis/v2/membership#Learner","http://purl.imsglobal.org/vocab/lis/v2/system/person#User"]}}}]},{"sendTime":"2022-11-04T21:07:31.847Z","dataVersion":"http://purl.imsglobal.org/ctx/caliper/v1p2","data":[{"@context":"http://purl.imsglobal.org/ctx/caliper/v1p2","type":"AssessmentEvent","id":"urn:uuid:77555a2e-8324-4a1c-86ef-ae8062e431a2","actor":{"id":"https://test.terracotta.education/users/62","type":"Person","extensions":{"terracotta_participant_id":7465,"lti_id":"0f3a3b29-7099-4b66-86f1-24d786b5ffe2","lti_tenant":"https://terracotta.instructure.com"}},"action":"Restarted","object":{"maxScore":15.0,"id":"https://test.terracotta.education/api/experiments/640/conditions/1193/treatments/732/assessments/725","type":"Assessment","name":"Consistent","extensions":{"terracotta_assessment_id":725,"terracotta_condition_id":1193,"terracotta_exposure_id":961,"terracotta_assignment_id":483,"canvas_assessment":"https://terracotta.instructure.com/courses/138/assignments/1601","terracotta_treatment_id":732},"version":"1"},"generated":{"startedAtTime":"2022-11-04T21:06:08.000Z","id":"https://test.terracotta.education/api/experiments/640/conditions/1193/treatments/732/assessments/725/submissions/3536","type":"Attempt","dateCreated":"2022-11-04T21:06:08.000Z","assignable":{"maxScore":15.0,"id":"https://test.terracotta.education/api/experiments/640/conditions/1193/treatments/732/assessments/725","type":"Assessment","name":"Consistent","extensions":{"terracotta_assessment_id":725,"terracotta_condition_id":1193,"terracotta_exposure_id":961,"terracotta_assignment_id":483,"canvas_assessment":"https://terracotta.instructure.com/courses/138/assignments/1601","terracotta_treatment_id":732},"version":"1"},"assignee":{"id":"https://test.terracotta.education/users/62","type":"Person","extensions":{"terracotta_participant_id":7465,"lti_id":"0f3a3b29-7099-4b66-86f1-24d786b5ffe2","lti_tenant":"https://terracotta.instructure.com"}},"count":1},"referrer":{"id":"https://terracotta.instructure.com","type":"SoftwareApplication"},"eventTime":"2022-11-04T21:07:31.847Z","edApp":{"id":"https://test.terracotta.education","type":"SoftwareApplication","name":"Terracotta TEST"},"group":{"id":"https://terracotta.instructure.com/courses/138","type":"CourseOffering","name":"Terracotta Quick Start Guide Course"},"membership":{"id":"https://terracotta.instructure.com/courses/138","type":"Membership","member":{"id":"https://test.terracotta.education/users/62","type":"Person","extensions":{"terracotta_participant_id":7465,"lti_id":"0f3a3b29-7099-4b66-86f1-24d786b5ffe2","lti_tenant":"https://terracotta.instructure.com"}},"organization":{"id":"https://terracotta.instructure.com/courses/138","type":"CourseOffering","name":"Terracotta Quick Start Guide Course"},"roles":["Learner"],"status":"Active"},"federatedSession":{"id":"urn:session_id_localized:https://test.terracotta.education/lti/oauth_nonce/4709c31f7a8b12bfb860b28ff00859e48bc314a48d598c46ce53032de321b115","type":"LtiSession","messageParameters":{"canvas_course_id":"138","lti_context_id":"f436db132fc4aa46006c0f246b5550bed3f33237","canvas_assignment_id":"1601","canvas_roles":["http://purl.imsglobal.org/vocab/lis/v2/institution/person#Student","http://purl.imsglobal.org/vocab/lis/v2/membership#Learner","http://purl.imsglobal.org/vocab/lis/v2/system/person#User"]}}}]},{"sendTime":"2022-11-04T21:07:48.154Z","dataVersion":"http://purl.imsglobal.org/ctx/caliper/v1p2","data":[{"@context":"http://purl.imsglobal.org/ctx/caliper/v1p2","type":"AssessmentEvent","id":"urn:uuid:ba7065eb-c087-498d-8d9d-567d8a69dc3b","actor":{"id":"https://test.terracotta.education/users/62","type":"Person","extensions":{"terracotta_participant_id":7465,"lti_id":"0f3a3b29-7099-4b66-86f1-24d786b5ffe2","lti_tenant":"https://terracotta.instructure.com"}},"action":"Submitted","object":{"maxScore":15.0,"id":"https://test.terracotta.education/api/experiments/640/conditions/1193/treatments/732/assessments/725","type":"Assessment","name":"Consistent","extensions":{"terracotta_assessment_id":725,"terracotta_condition_id":1193,"terracotta_exposure_id":961,"terracotta_assignment_id":483,"canvas_assessment":"https://terracotta.instructure.com/courses/138/assignments/1601","terracotta_treatment_id":732},"version":"1"},"generated":{"startedAtTime":"2022-11-04T21:06:08.000Z","endedAtTime":"2022-11-04T21:07:47.000Z","id":"https://test.terracotta.education/api/experiments/640/conditions/1193/treatments/732/assessments/725/submissions/3536","type":"Attempt","dateCreated":"2022-11-04T21:06:08.000Z","assignable":{"maxScore":15.0,"id":"https://test.terracotta.education/api/experiments/640/conditions/1193/treatments/732/assessments/725","type":"Assessment","name":"Consistent","extensions":{"terracotta_assessment_id":725,"terracotta_condition_id":1193,"terracotta_exposure_id":961,"terracotta_assignment_id":483,"canvas_assessment":"https://terracotta.instructure.com/courses/138/assignments/1601","terracotta_treatment_id":732},"version":"1"},"assignee":{"id":"https://test.terracotta.education/users/62","type":"Person","extensions":{"terracotta_participant_id":7465,"lti_id":"0f3a3b29-7099-4b66-86f1-24d786b5ffe2","lti_tenant":"https://terracotta.instructure.com"}},"count":1},"referrer":{"id":"https://terracotta.instructure.com","type":"SoftwareApplication"},"eventTime":"2022-11-04T21:07:48.154Z","edApp":{"id":"https://test.terracotta.education","type":"SoftwareApplication","name":"Terracotta TEST"},"group":{"id":"https://terracotta.instructure.com/courses/138","type":"CourseOffering","name":"Terracotta Quick Start Guide Course"},"membership":{"id":"https://terracotta.instructure.com/courses/138","type":"Membership","member":{"id":"https://test.terracotta.education/users/62","type":"Person","extensions":{"terracotta_participant_id":7465,"lti_id":"0f3a3b29-7099-4b66-86f1-24d786b5ffe2","lti_tenant":"https://terracotta.instructure.com"}},"organization":{"id":"https://terracotta.instructure.com/courses/138","type":"CourseOffering","name":"Terracotta Quick Start Guide Course"},"roles":["Learner"],"status":"Active"},"federatedSession":{"id":"urn:session_id_localized:https://test.terracotta.education/lti/oauth_nonce/4709c31f7a8b12bfb860b28ff00859e48bc314a48d598c46ce53032de321b115","type":"LtiSession","messageParameters":{"canvas_course_id":"138","lti_context_id":"f436db132fc4aa46006c0f246b5550bed3f33237","canvas_assignment_id":"1601","canvas_roles":["http://purl.imsglobal.org/vocab/lis/v2/institution/person#Student","http://purl.imsglobal.org/vocab/lis/v2/membership#Learner","http://purl.imsglobal.org/vocab/lis/v2/system/person#User"]}}}]},{"sendTime":"2022-11-04T21:09:37.189Z","dataVersion":"http://purl.imsglobal.org/ctx/caliper/v1p2","data":[{"@context":"http://purl.imsglobal.org/ctx/caliper/v1p2","type":"AssessmentEvent","id":"urn:uuid:df5df541-341c-4809-b59b-62f8ac639d9e","actor":{"id":"https://test.terracotta.education/users/62","type":"Person","extensions":{"terracotta_participant_id":7465,"lti_id":"0f3a3b29-7099-4b66-86f1-24d786b5ffe2","lti_tenant":"https://terracotta.instructure.com"}},"action":"Started","object":{"maxScore":15.0,"id":"https://test.terracotta.education/api/experiments/640/conditions/1194/treatments/735/assessments/728","type":"Assessment","name":"Inconsistent","extensions":{"terracotta_assessment_id":728,"terracotta_condition_id":1194,"terracotta_exposure_id":962,"terracotta_assignment_id":484,"canvas_assessment":"https://terracotta.instructure.com/courses/138/assignments/1602","terracotta_treatment_id":735},"version":"1"},"generated":{"startedAtTime":"2022-11-04T21:09:37.183Z","id":"https://test.terracotta.education/api/experiments/640/conditions/1194/treatments/735/assessments/728/submissions/3537","type":"Attempt","dateCreated":"2022-11-04T21:09:37.183Z","assignable":{"maxScore":15.0,"id":"https://test.terracotta.education/api/experiments/640/conditions/1194/treatments/735/assessments/728","type":"Assessment","name":"Inconsistent","extensions":{"terracotta_assessment_id":728,"terracotta_condition_id":1194,"terracotta_exposure_id":962,"terracotta_assignment_id":484,"canvas_assessment":"https://terracotta.instructure.com/courses/138/assignments/1602","terracotta_treatment_id":735},"version":"1"},"assignee":{"id":"https://test.terracotta.education/users/62","type":"Person","extensions":{"terracotta_participant_id":7465,"lti_id":"0f3a3b29-7099-4b66-86f1-24d786b5ffe2","lti_tenant":"https://terracotta.instructure.com"}},"count":1},"referrer":{"id":"https://terracotta.instructure.com","type":"SoftwareApplication"},"eventTime":"2022-11-04T21:09:37.189Z","edApp":{"id":"https://test.terracotta.education","type":"SoftwareApplication","name":"Terracotta TEST"},"group":{"id":"https://terracotta.instructure.com/courses/138","type":"CourseOffering","name":"Terracotta Quick Start Guide Course"},"membership":{"id":"https://terracotta.instructure.com/courses/138","type":"Membership","member":{"id":"https://test.terracotta.education/users/62","type":"Person","extensions":{"terracotta_participant_id":7465,"lti_id":"0f3a3b29-7099-4b66-86f1-24d786b5ffe2","lti_tenant":"https://terracotta.instructure.com"}},"organization":{"id":"https://terracotta.instructure.com/courses/138","type":"CourseOffering","name":"Terracotta Quick Start Guide Course"},"roles":["Learner"],"status":"Active"},"federatedSession":{"id":"urn:session_id_localized:https://test.terracotta.education/lti/oauth_nonce/e8ba26cb198b4558e9684f784a4188aef309e23e2d507bb89ffaa5cede634d40","type":"LtiSession","messageParameters":{"canvas_course_id":"138","lti_context_id":"f436db132fc4aa46006c0f246b5550bed3f33237","canvas_assignment_id":"1602","canvas_roles":["http://purl.imsglobal.org/vocab/lis/v2/institution/person#Student","http://purl.imsglobal.org/vocab/lis/v2/membership#Learner","http://purl.imsglobal.org/vocab/lis/v2/system/person#User"]}}}]},{"sendTime":"2022-11-04T21:09:50.348Z","dataVersion":"http://purl.imsglobal.org/ctx/caliper/v1p2","data":[{"@context":"http://purl.imsglobal.org/ctx/caliper/v1p2","type":"AssessmentEvent","id":"urn:uuid:8cf3b497-1559-4c30-af0f-44fed415c94f","actor":{"id":"https://test.terracotta.education/users/62","type":"Person","extensions":{"terracotta_participant_id":7465,"lti_id":"0f3a3b29-7099-4b66-86f1-24d786b5ffe2","lti_tenant":"https://terracotta.instructure.com"}},"action":"Submitted","object":{"maxScore":15.0,"id":"https://test.terracotta.education/api/experiments/640/conditions/1194/treatments/735/assessments/728","type":"Assessment","name":"Inconsistent","extensions":{"terracotta_assessment_id":728,"terracotta_condition_id":1194,"terracotta_exposure_id":962,"terracotta_assignment_id":484,"canvas_assessment":"https://terracotta.instructure.com/courses/138/assignments/1602","terracotta_treatment_id":735},"version":"1"},"generated":{"startedAtTime":"2022-11-04T21:09:37.000Z","endedAtTime":"2022-11-04T21:09:50.000Z","id":"https://test.terracotta.education/api/experiments/640/conditions/1194/treatments/735/assessments/728/submissions/3537","type":"Attempt","dateCreated":"2022-11-04T21:09:37.000Z","assignable":{"maxScore":15.0,"id":"https://test.terracotta.education/api/experiments/640/conditions/1194/treatments/735/assessments/728","type":"Assessment","name":"Inconsistent","extensions":{"terracotta_assessment_id":728,"terracotta_condition_id":1194,"terracotta_exposure_id":962,"terracotta_assignment_id":484,"canvas_assessment":"https://terracotta.instructure.com/courses/138/assignments/1602","terracotta_treatment_id":735},"version":"1"},"assignee":{"id":"https://test.terracotta.education/users/62","type":"Person","extensions":{"terracotta_participant_id":7465,"lti_id":"0f3a3b29-7099-4b66-86f1-24d786b5ffe2","lti_tenant":"https://terracotta.instructure.com"}},"count":1},"referrer":{"id":"https://terracotta.instructure.com","type":"SoftwareApplication"},"eventTime":"2022-11-04T21:09:50.348Z","edApp":{"id":"https://test.terracotta.education","type":"SoftwareApplication","name":"Terracotta TEST"},"group":{"id":"https://terracotta.instructure.com/courses/138","type":"CourseOffering","name":"Terracotta Quick Start Guide Course"},"membership":{"id":"https://terracotta.instructure.com/courses/138","type":"Membership","member":{"id":"https://test.terracotta.education/users/62","type":"Person","extensions":{"terracotta_participant_id":7465,"lti_id":"0f3a3b29-7099-4b66-86f1-24d786b5ffe2","lti_tenant":"https://terracotta.instructure.com"}},"organization":{"id":"https://terracotta.instructure.com/courses/138","type":"CourseOffering","name":"Terracotta Quick Start Guide Course"},"roles":["Learner"],"status":"Active"},"federatedSession":{"id":"urn:session_id_localized:https://test.terracotta.education/lti/oauth_nonce/e8ba26cb198b4558e9684f784a4188aef309e23e2d507bb89ffaa5cede634d40","type":"LtiSession","messageParameters":{"canvas_course_id":"138","lti_context_id":"f436db132fc4aa46006c0f246b5550bed3f33237","canvas_assignment_id":"1602","canvas_roles":["http://purl.imsglobal.org/vocab/lis/v2/institution/person#Student","http://purl.imsglobal.org/vocab/lis/v2/membership#Learner","http://purl.imsglobal.org/vocab/lis/v2/system/person#User"]}}}]},{"sendTime":"2022-11-04T21:13:22.380Z","dataVersion":"http://purl.imsglobal.org/ctx/caliper/v1p2","data":[{"@context":"http://purl.imsglobal.org/ctx/caliper/v1p2","type":"AssessmentEvent","id":"urn:uuid:e12dc34d-388e-437a-95b3-418c981e72de","actor":{"id":"https://test.terracotta.education/users/438","type":"Person","extensions":{"terracotta_participant_id":7466,"lti_id":"625453ff-f90c-40f4-a6a8-2bf164ffd60b","lti_tenant":"https://terracotta.instructure.com"}},"action":"Started","object":{"maxScore":15.0,"id":"https://test.terracotta.education/api/experiments/640/conditions/1194/treatments/733/assessments/726","type":"Assessment","name":"Inconsistent","extensions":{"terracotta_assessment_id":726,"terracotta_condition_id":1194,"terracotta_exposure_id":961,"terracotta_assignment_id":483,"canvas_assessment":"https://terracotta.instructure.com/courses/138/assignments/1601","terracotta_treatment_id":733},"version":"1"},"generated":{"startedAtTime":"2022-11-04T21:13:22.375Z","id":"https://test.terracotta.education/api/experiments/640/conditions/1194/treatments/733/assessments/726/submissions/3540","type":"Attempt","dateCreated":"2022-11-04T21:13:22.375Z","assignable":{"maxScore":15.0,"id":"https://test.terracotta.education/api/experiments/640/conditions/1194/treatments/733/assessments/726","type":"Assessment","name":"Inconsistent","extensions":{"terracotta_assessment_id":726,"terracotta_condition_id":1194,"terracotta_exposure_id":961,"terracotta_assignment_id":483,"canvas_assessment":"https://terracotta.instructure.com/courses/138/assignments/1601","terracotta_treatment_id":733},"version":"1"},"assignee":{"id":"https://test.terracotta.education/users/438","type":"Person","extensions":{"terracotta_participant_id":7466,"lti_id":"625453ff-f90c-40f4-a6a8-2bf164ffd60b","lti_tenant":"https://terracotta.instructure.com"}},"count":1},"referrer":{"id":"https://terracotta.instructure.com","type":"SoftwareApplication"},"eventTime":"2022-11-04T21:13:22.380Z","edApp":{"id":"https://test.terracotta.education","type":"SoftwareApplication","name":"Terracotta TEST"},"group":{"id":"https://terracotta.instructure.com/courses/138","type":"CourseOffering","name":"Terracotta Quick Start Guide Course"},"membership":{"id":"https://terracotta.instructure.com/courses/138","type":"Membership","member":{"id":"https://test.terracotta.education/users/438","type":"Person","extensions":{"terracotta_participant_id":7466,"lti_id":"625453ff-f90c-40f4-a6a8-2bf164ffd60b","lti_tenant":"https://terracotta.instructure.com"}},"organization":{"id":"https://terracotta.instructure.com/courses/138","type":"CourseOffering","name":"Terracotta Quick Start Guide Course"},"roles":["Learner"],"status":"Active"},"federatedSession":{"id":"urn:session_id_localized:https://test.terracotta.education/lti/oauth_nonce/f6b41505e6f9fb6319e426ffc437f91195bd25ea3c13431b9e4242b58086a1c6","type":"LtiSession","messageParameters":{"canvas_course_id":"138","lti_context_id":"f436db132fc4aa46006c0f246b5550bed3f33237","canvas_assignment_id":"1601","canvas_roles":["http://purl.imsglobal.org/vocab/lis/v2/institution/person#Student","http://purl.imsglobal.org/vocab/lis/v2/membership#Learner","http://purl.imsglobal.org/vocab/lis/v2/system/person#User"]}}}]},{"sendTime":"2022-11-04T21:13:40.542Z","dataVersion":"http://purl.imsglobal.org/ctx/caliper/v1p2","data":[{"@context":"http://purl.imsglobal.org/ctx/caliper/v1p2","type":"AssessmentEvent","id":"urn:uuid:1a8f85d5-069a-4f56-a604-e7036d76b674","actor":{"id":"https://test.terracotta.education/users/438","type":"Person","extensions":{"terracotta_participant_id":7466,"lti_id":"625453ff-f90c-40f4-a6a8-2bf164ffd60b","lti_tenant":"https://terracotta.instructure.com"}},"action":"Submitted","object":{"maxScore":15.0,"id":"https://test.terracotta.education/api/experiments/640/conditions/1194/treatments/733/assessments/726","type":"Assessment","name":"Inconsistent","extensions":{"terracotta_assessment_id":726,"terracotta_condition_id":1194,"terracotta_exposure_id":961,"terracotta_assignment_id":483,"canvas_assessment":"https://terracotta.instructure.com/courses/138/assignments/1601","terracotta_treatment_id":733},"version":"1"},"generated":{"startedAtTime":"2022-11-04T21:13:22.000Z","endedAtTime":"2022-11-04T21:13:40.000Z","id":"https://test.terracotta.education/api/experiments/640/conditions/1194/treatments/733/assessments/726/submissions/3540","type":"Attempt","dateCreated":"2022-11-04T21:13:22.000Z","assignable":{"maxScore":15.0,"id":"https://test.terracotta.education/api/experiments/640/conditions/1194/treatments/733/assessments/726","type":"Assessment","name":"Inconsistent","extensions":{"terracotta_assessment_id":726,"terracotta_condition_id":1194,"terracotta_exposure_id":961,"terracotta_assignment_id":483,"canvas_assessment":"https://terracotta.instructure.com/courses/138/assignments/1601","terracotta_treatment_id":733},"version":"1"},"assignee":{"id":"https://test.terracotta.education/users/438","type":"Person","extensions":{"terracotta_participant_id":7466,"lti_id":"625453ff-f90c-40f4-a6a8-2bf164ffd60b","lti_tenant":"https://terracotta.instructure.com"}},"count":1},"referrer":{"id":"https://terracotta.instructure.com","type":"SoftwareApplication"},"eventTime":"2022-11-04T21:13:40.542Z","edApp":{"id":"https://test.terracotta.education","type":"SoftwareApplication","name":"Terracotta TEST"},"group":{"id":"https://terracotta.instructure.com/courses/138","type":"CourseOffering","name":"Terracotta Quick Start Guide Course"},"membership":{"id":"https://terracotta.instructure.com/courses/138","type":"Membership","member":{"id":"https://test.terracotta.education/users/438","type":"Person","extensions":{"terracotta_participant_id":7466,"lti_id":"625453ff-f90c-40f4-a6a8-2bf164ffd60b","lti_tenant":"https://terracotta.instructure.com"}},"organization":{"id":"https://terracotta.instructure.com/courses/138","type":"CourseOffering","name":"Terracotta Quick Start Guide Course"},"roles":["Learner"],"status":"Active"},"federatedSession":{"id":"urn:session_id_localized:https://test.terracotta.education/lti/oauth_nonce/f6b41505e6f9fb6319e426ffc437f91195bd25ea3c13431b9e4242b58086a1c6","type":"LtiSession","messageParameters":{"canvas_course_id":"138","lti_context_id":"f436db132fc4aa46006c0f246b5550bed3f33237","canvas_assignment_id":"1601","canvas_roles":["http://purl.imsglobal.org/vocab/lis/v2/institution/person#Student","http://purl.imsglobal.org/vocab/lis/v2/membership#Learner","http://purl.imsglobal.org/vocab/lis/v2/system/person#User"]}}}]},{"sendTime":"2022-11-04T21:13:51.464Z","dataVersion":"http://purl.imsglobal.org/ctx/caliper/v1p2","data":[{"@context":"http://purl.imsglobal.org/ctx/caliper/v1p2","type":"AssessmentEvent","id":"urn:uuid:927700e4-5013-405e-9246-0df7e08b4979","actor":{"id":"https://test.terracotta.education/users/438","type":"Person","extensions":{"terracotta_participant_id":7466,"lti_id":"625453ff-f90c-40f4-a6a8-2bf164ffd60b","lti_tenant":"https://terracotta.instructure.com"}},"action":"Started","object":{"maxScore":15.0,"id":"https://test.terracotta.education/api/experiments/640/conditions/1193/treatments/734/assessments/727","type":"Assessment","name":"Consistent","extensions":{"terracotta_assessment_id":727,"terracotta_condition_id":1193,"terracotta_exposure_id":962,"terracotta_assignment_id":484,"canvas_assessment":"https://terracotta.instructure.com/courses/138/assignments/1602","terracotta_treatment_id":734},"version":"1"},"generated":{"startedAtTime":"2022-11-04T21:13:51.459Z","id":"https://test.terracotta.education/api/experiments/640/conditions/1193/treatments/734/assessments/727/submissions/3541","type":"Attempt","dateCreated":"2022-11-04T21:13:51.459Z","assignable":{"maxScore":15.0,"id":"https://test.terracotta.education/api/experiments/640/conditions/1193/treatments/734/assessments/727","type":"Assessment","name":"Consistent","extensions":{"terracotta_assessment_id":727,"terracotta_condition_id":1193,"terracotta_exposure_id":962,"terracotta_assignment_id":484,"canvas_assessment":"https://terracotta.instructure.com/courses/138/assignments/1602","terracotta_treatment_id":734},"version":"1"},"assignee":{"id":"https://test.terracotta.education/users/438","type":"Person","extensions":{"terracotta_participant_id":7466,"lti_id":"625453ff-f90c-40f4-a6a8-2bf164ffd60b","lti_tenant":"https://terracotta.instructure.com"}},"count":1},"referrer":{"id":"https://terracotta.instructure.com","type":"SoftwareApplication"},"eventTime":"2022-11-04T21:13:51.464Z","edApp":{"id":"https://test.terracotta.education","type":"SoftwareApplication","name":"Terracotta TEST"},"group":{"id":"https://terracotta.instructure.com/courses/138","type":"CourseOffering","name":"Terracotta Quick Start Guide Course"},"membership":{"id":"https://terracotta.instructure.com/courses/138","type":"Membership","member":{"id":"https://test.terracotta.education/users/438","type":"Person","extensions":{"terracotta_participant_id":7466,"lti_id":"625453ff-f90c-40f4-a6a8-2bf164ffd60b","lti_tenant":"https://terracotta.instructure.com"}},"organization":{"id":"https://terracotta.instructure.com/courses/138","type":"CourseOffering","name":"Terracotta Quick Start Guide Course"},"roles":["Learner"],"status":"Active"},"federatedSession":{"id":"urn:session_id_localized:https://test.terracotta.education/lti/oauth_nonce/3d0fa7ee3c6b6a051660fbfc7fabab2ab781f443d41f364a26ec0b03ddae2072","type":"LtiSession","messageParameters":{"canvas_course_id":"138","lti_context_id":"f436db132fc4aa46006c0f246b5550bed3f33237","canvas_assignment_id":"1602","canvas_roles":["http://purl.imsglobal.org/vocab/lis/v2/institution/person#Student","http://purl.imsglobal.org/vocab/lis/v2/membership#Learner","http://purl.imsglobal.org/vocab/lis/v2/system/person#User"]}}}]},{"sendTime":"2022-11-04T21:14:10.196Z","dataVersion":"http://purl.imsglobal.org/ctx/caliper/v1p2","data":[{"@context":"http://purl.imsglobal.org/ctx/caliper/v1p2","type":"AssessmentEvent","id":"urn:uuid:7ae3424d-58fa-4786-8d6b-56436a4ca7ca","actor":{"id":"https://test.terracotta.education/users/438","type":"Person","extensions":{"terracotta_participant_id":7466,"lti_id":"625453ff-f90c-40f4-a6a8-2bf164ffd60b","lti_tenant":"https://terracotta.instructure.com"}},"action":"Submitted","object":{"maxScore":15.0,"id":"https://test.terracotta.education/api/experiments/640/conditions/1193/treatments/734/assessments/727","type":"Assessment","name":"Consistent","extensions":{"terracotta_assessment_id":727,"terracotta_condition_id":1193,"terracotta_exposure_id":962,"terracotta_assignment_id":484,"canvas_assessment":"https://terracotta.instructure.com/courses/138/assignments/1602","terracotta_treatment_id":734},"version":"1"},"generated":{"startedAtTime":"2022-11-04T21:13:51.000Z","endedAtTime":"2022-11-04T21:14:10.000Z","id":"https://test.terracotta.education/api/experiments/640/conditions/1193/treatments/734/assessments/727/submissions/3541","type":"Attempt","dateCreated":"2022-11-04T21:13:51.000Z","assignable":{"maxScore":15.0,"id":"https://test.terracotta.education/api/experiments/640/conditions/1193/treatments/734/assessments/727","type":"Assessment","name":"Consistent","extensions":{"terracotta_assessment_id":727,"terracotta_condition_id":1193,"terracotta_exposure_id":962,"terracotta_assignment_id":484,"canvas_assessment":"https://terracotta.instructure.com/courses/138/assignments/1602","terracotta_treatment_id":734},"version":"1"},"assignee":{"id":"https://test.terracotta.education/users/438","type":"Person","extensions":{"terracotta_participant_id":7466,"lti_id":"625453ff-f90c-40f4-a6a8-2bf164ffd60b","lti_tenant":"https://terracotta.instructure.com"}},"count":1},"referrer":{"id":"https://terracotta.instructure.com","type":"SoftwareApplication"},"eventTime":"2022-11-04T21:14:10.196Z","edApp":{"id":"https://test.terracotta.education","type":"SoftwareApplication","name":"Terracotta TEST"},"group":{"id":"https://terracotta.instructure.com/courses/138","type":"CourseOffering","name":"Terracotta Quick Start Guide Course"},"membership":{"id":"https://terracotta.instructure.com/courses/138","type":"Membership","member":{"id":"https://test.terracotta.education/users/438","type":"Person","extensions":{"terracotta_participant_id":7466,"lti_id":"625453ff-f90c-40f4-a6a8-2bf164ffd60b","lti_tenant":"https://terracotta.instructure.com"}},"organization":{"id":"https://terracotta.instructure.com/courses/138","type":"CourseOffering","name":"Terracotta Quick Start Guide Course"},"roles":["Learner"],"status":"Active"},"federatedSession":{"id":"urn:session_id_localized:https://test.terracotta.education/lti/oauth_nonce/3d0fa7ee3c6b6a051660fbfc7fabab2ab781f443d41f364a26ec0b03ddae2072","type":"LtiSession","messageParameters":{"canvas_course_id":"138","lti_context_id":"f436db132fc4aa46006c0f246b5550bed3f33237","canvas_assignment_id":"1602","canvas_roles":["http://purl.imsglobal.org/vocab/lis/v2/institution/person#Student","http://purl.imsglobal.org/vocab/lis/v2/membership#Learner","http://purl.imsglobal.org/vocab/lis/v2/system/person#User"]}}}]},{"sendTime":"2022-11-04T21:15:45.062Z","dataVersion":"http://purl.imsglobal.org/ctx/caliper/v1p2","data":[{"@context":"http://purl.imsglobal.org/ctx/caliper/v1p2","type":"AssessmentEvent","id":"urn:uuid:6905db7a-7e22-48bd-b065-87166478cc58","actor":{"id":"https://test.terracotta.education/users/439","type":"Person","extensions":{"terracotta_participant_id":7467,"lti_id":"d2ac5f97-26a1-41bf-ba33-b7693844a9bc","lti_tenant":"https://terracotta.instructure.com"}},"action":"Started","object":{"maxScore":15.0,"id":"https://test.terracotta.education/api/experiments/640/conditions/1193/treatments/732/assessments/725","type":"Assessment","name":"Consistent","extensions":{"terracotta_assessment_id":725,"terracotta_condition_id":1193,"terracotta_exposure_id":961,"terracotta_assignment_id":483,"canvas_assessment":"https://terracotta.instructure.com/courses/138/assignments/1601","terracotta_treatment_id":732},"version":"1"},"generated":{"startedAtTime":"2022-11-04T21:15:45.057Z","id":"https://test.terracotta.education/api/experiments/640/conditions/1193/treatments/732/assessments/725/submissions/3542","type":"Attempt","dateCreated":"2022-11-04T21:15:45.057Z","assignable":{"maxScore":15.0,"id":"https://test.terracotta.education/api/experiments/640/conditions/1193/treatments/732/assessments/725","type":"Assessment","name":"Consistent","extensions":{"terracotta_assessment_id":725,"terracotta_condition_id":1193,"terracotta_exposure_id":961,"terracotta_assignment_id":483,"canvas_assessment":"https://terracotta.instructure.com/courses/138/assignments/1601","terracotta_treatment_id":732},"version":"1"},"assignee":{"id":"https://test.terracotta.education/users/439","type":"Person","extensions":{"terracotta_participant_id":7467,"lti_id":"d2ac5f97-26a1-41bf-ba33-b7693844a9bc","lti_tenant":"https://terracotta.instructure.com"}},"count":1},"referrer":{"id":"https://terracotta.instructure.com","type":"SoftwareApplication"},"eventTime":"2022-11-04T21:15:45.062Z","edApp":{"id":"https://test.terracotta.education","type":"SoftwareApplication","name":"Terracotta TEST"},"group":{"id":"https://terracotta.instructure.com/courses/138","type":"CourseOffering","name":"Terracotta Quick Start Guide Course"},"membership":{"id":"https://terracotta.instructure.com/courses/138","type":"Membership","member":{"id":"https://test.terracotta.education/users/439","type":"Person","extensions":{"terracotta_participant_id":7467,"lti_id":"d2ac5f97-26a1-41bf-ba33-b7693844a9bc","lti_tenant":"https://terracotta.instructure.com"}},"organization":{"id":"https://terracotta.instructure.com/courses/138","type":"CourseOffering","name":"Terracotta Quick Start Guide Course"},"roles":["Learner"],"status":"Active"},"federatedSession":{"id":"urn:session_id_localized:https://test.terracotta.education/lti/oauth_nonce/d071b1f9f8f7636051239f084a83d27fcfac438a02c365ca1d76b3cb5f1d2dec","type":"LtiSession","messageParameters":{"canvas_course_id":"138","lti_context_id":"f436db132fc4aa46006c0f246b5550bed3f33237","canvas_assignment_id":"1601","canvas_roles":["http://purl.imsglobal.org/vocab/lis/v2/institution/person#Student","http://purl.imsglobal.org/vocab/lis/v2/membership#Learner","http://purl.imsglobal.org/vocab/lis/v2/system/person#User"]}}}]},{"sendTime":"2022-11-04T21:16:01.453Z","dataVersion":"http://purl.imsglobal.org/ctx/caliper/v1p2","data":[{"@context":"http://purl.imsglobal.org/ctx/caliper/v1p2","type":"AssessmentEvent","id":"urn:uuid:ddc83538-5212-4c3b-aa96-ea4700431236","actor":{"id":"https://test.terracotta.education/users/439","type":"Person","extensions":{"terracotta_participant_id":7467,"lti_id":"d2ac5f97-26a1-41bf-ba33-b7693844a9bc","lti_tenant":"https://terracotta.instructure.com"}},"action":"Submitted","object":{"maxScore":15.0,"id":"https://test.terracotta.education/api/experiments/640/conditions/1193/treatments/732/assessments/725","type":"Assessment","name":"Consistent","extensions":{"terracotta_assessment_id":725,"terracotta_condition_id":1193,"terracotta_exposure_id":961,"terracotta_assignment_id":483,"canvas_assessment":"https://terracotta.instructure.com/courses/138/assignments/1601","terracotta_treatment_id":732},"version":"1"},"generated":{"startedAtTime":"2022-11-04T21:15:45.000Z","endedAtTime":"2022-11-04T21:16:01.000Z","id":"https://test.terracotta.education/api/experiments/640/conditions/1193/treatments/732/assessments/725/submissions/3542","type":"Attempt","dateCreated":"2022-11-04T21:15:45.000Z","assignable":{"maxScore":15.0,"id":"https://test.terracotta.education/api/experiments/640/conditions/1193/treatments/732/assessments/725","type":"Assessment","name":"Consistent","extensions":{"terracotta_assessment_id":725,"terracotta_condition_id":1193,"terracotta_exposure_id":961,"terracotta_assignment_id":483,"canvas_assessment":"https://terracotta.instructure.com/courses/138/assignments/1601","terracotta_treatment_id":732},"version":"1"},"assignee":{"id":"https://test.terracotta.education/users/439","type":"Person","extensions":{"terracotta_participant_id":7467,"lti_id":"d2ac5f97-26a1-41bf-ba33-b7693844a9bc","lti_tenant":"https://terracotta.instructure.com"}},"count":1},"referrer":{"id":"https://terracotta.instructure.com","type":"SoftwareApplication"},"eventTime":"2022-11-04T21:16:01.453Z","edApp":{"id":"https://test.terracotta.education","type":"SoftwareApplication","name":"Terracotta TEST"},"group":{"id":"https://terracotta.instructure.com/courses/138","type":"CourseOffering","name":"Terracotta Quick Start Guide Course"},"membership":{"id":"https://terracotta.instructure.com/courses/138","type":"Membership","member":{"id":"https://test.terracotta.education/users/439","type":"Person","extensions":{"terracotta_participant_id":7467,"lti_id":"d2ac5f97-26a1-41bf-ba33-b7693844a9bc","lti_tenant":"https://terracotta.instructure.com"}},"organization":{"id":"https://terracotta.instructure.com/courses/138","type":"CourseOffering","name":"Terracotta Quick Start Guide Course"},"roles":["Learner"],"status":"Active"},"federatedSession":{"id":"urn:session_id_localized:https://test.terracotta.education/lti/oauth_nonce/d071b1f9f8f7636051239f084a83d27fcfac438a02c365ca1d76b3cb5f1d2dec","type":"LtiSession","messageParameters":{"canvas_course_id":"138","lti_context_id":"f436db132fc4aa46006c0f246b5550bed3f33237","canvas_assignment_id":"1601","canvas_roles":["http://purl.imsglobal.org/vocab/lis/v2/institution/person#Student","http://purl.imsglobal.org/vocab/lis/v2/membership#Learner","http://purl.imsglobal.org/vocab/lis/v2/system/person#User"]}}}]},{"sendTime":"2022-11-04T21:16:26.913Z","dataVersion":"http://purl.imsglobal.org/ctx/caliper/v1p2","data":[{"@context":"http://purl.imsglobal.org/ctx/caliper/v1p2","type":"AssessmentEvent","id":"urn:uuid:335ad66b-7151-41b1-9138-9d1cc2721431","actor":{"id":"https://test.terracotta.education/users/439","type":"Person","extensions":{"terracotta_participant_id":7467,"lti_id":"d2ac5f97-26a1-41bf-ba33-b7693844a9bc","lti_tenant":"https://terracotta.instructure.com"}},"action":"Started","object":{"maxScore":15.0,"id":"https://test.terracotta.education/api/experiments/640/conditions/1194/treatments/735/assessments/728","type":"Assessment","name":"Inconsistent","extensions":{"terracotta_assessment_id":728,"terracotta_condition_id":1194,"terracotta_exposure_id":962,"terracotta_assignment_id":484,"canvas_assessment":"https://terracotta.instructure.com/courses/138/assignments/1602","terracotta_treatment_id":735},"version":"1"},"generated":{"startedAtTime":"2022-11-04T21:16:26.908Z","id":"https://test.terracotta.education/api/experiments/640/conditions/1194/treatments/735/assessments/728/submissions/3544","type":"Attempt","dateCreated":"2022-11-04T21:16:26.908Z","assignable":{"maxScore":15.0,"id":"https://test.terracotta.education/api/experiments/640/conditions/1194/treatments/735/assessments/728","type":"Assessment","name":"Inconsistent","extensions":{"terracotta_assessment_id":728,"terracotta_condition_id":1194,"terracotta_exposure_id":962,"terracotta_assignment_id":484,"canvas_assessment":"https://terracotta.instructure.com/courses/138/assignments/1602","terracotta_treatment_id":735},"version":"1"},"assignee":{"id":"https://test.terracotta.education/users/439","type":"Person","extensions":{"terracotta_participant_id":7467,"lti_id":"d2ac5f97-26a1-41bf-ba33-b7693844a9bc","lti_tenant":"https://terracotta.instructure.com"}},"count":1},"referrer":{"id":"https://terracotta.instructure.com","type":"SoftwareApplication"},"eventTime":"2022-11-04T21:16:26.913Z","edApp":{"id":"https://test.terracotta.education","type":"SoftwareApplication","name":"Terracotta TEST"},"group":{"id":"https://terracotta.instructure.com/courses/138","type":"CourseOffering","name":"Terracotta Quick Start Guide Course"},"membership":{"id":"https://terracotta.instructure.com/courses/138","type":"Membership","member":{"id":"https://test.terracotta.education/users/439","type":"Person","extensions":{"terracotta_participant_id":7467,"lti_id":"d2ac5f97-26a1-41bf-ba33-b7693844a9bc","lti_tenant":"https://terracotta.instructure.com"}},"organization":{"id":"https://terracotta.instructure.com/courses/138","type":"CourseOffering","name":"Terracotta Quick Start Guide Course"},"roles":["Learner"],"status":"Active"},"federatedSession":{"id":"urn:session_id_localized:https://test.terracotta.education/lti/oauth_nonce/264198ed3f276c64aa397cb03a205f2928d7e39620878007a563eaffaf547066","type":"LtiSession","messageParameters":{"canvas_course_id":"138","lti_context_id":"f436db132fc4aa46006c0f246b5550bed3f33237","canvas_assignment_id":"1602","canvas_roles":["http://purl.imsglobal.org/vocab/lis/v2/institution/person#Student","http://purl.imsglobal.org/vocab/lis/v2/membership#Learner","http://purl.imsglobal.org/vocab/lis/v2/system/person#User"]}}}]},{"sendTime":"2022-11-04T21:16:56.153Z","dataVersion":"http://purl.imsglobal.org/ctx/caliper/v1p2","data":[{"@context":"http://purl.imsglobal.org/ctx/caliper/v1p2","type":"AssessmentEvent","id":"urn:uuid:7f912677-8efd-41ca-9470-c43260c0bd2f","actor":{"id":"https://test.terracotta.education/users/439","type":"Person","extensions":{"terracotta_participant_id":7467,"lti_id":"d2ac5f97-26a1-41bf-ba33-b7693844a9bc","lti_tenant":"https://terracotta.instructure.com"}},"action":"Submitted","object":{"maxScore":15.0,"id":"https://test.terracotta.education/api/experiments/640/conditions/1194/treatments/735/assessments/728","type":"Assessment","name":"Inconsistent","extensions":{"terracotta_assessment_id":728,"terracotta_condition_id":1194,"terracotta_exposure_id":962,"terracotta_assignment_id":484,"canvas_assessment":"https://terracotta.instructure.com/courses/138/assignments/1602","terracotta_treatment_id":735},"version":"1"},"generated":{"startedAtTime":"2022-11-04T21:16:27.000Z","endedAtTime":"2022-11-04T21:16:55.000Z","id":"https://test.terracotta.education/api/experiments/640/conditions/1194/treatments/735/assessments/728/submissions/3544","type":"Attempt","dateCreated":"2022-11-04T21:16:27.000Z","assignable":{"maxScore":15.0,"id":"https://test.terracotta.education/api/experiments/640/conditions/1194/treatments/735/assessments/728","type":"Assessment","name":"Inconsistent","extensions":{"terracotta_assessment_id":728,"terracotta_condition_id":1194,"terracotta_exposure_id":962,"terracotta_assignment_id":484,"canvas_assessment":"https://terracotta.instructure.com/courses/138/assignments/1602","terracotta_treatment_id":735},"version":"1"},"assignee":{"id":"https://test.terracotta.education/users/439","type":"Person","extensions":{"terracotta_participant_id":7467,"lti_id":"d2ac5f97-26a1-41bf-ba33-b7693844a9bc","lti_tenant":"https://terracotta.instructure.com"}},"count":1},"referrer":{"id":"https://terracotta.instructure.com","type":"SoftwareApplication"},"eventTime":"2022-11-04T21:16:56.153Z","edApp":{"id":"https://test.terracotta.education","type":"SoftwareApplication","name":"Terracotta TEST"},"group":{"id":"https://terracotta.instructure.com/courses/138","type":"CourseOffering","name":"Terracotta Quick Start Guide Course"},"membership":{"id":"https://terracotta.instructure.com/courses/138","type":"Membership","member":{"id":"https://test.terracotta.education/users/439","type":"Person","extensions":{"terracotta_participant_id":7467,"lti_id":"d2ac5f97-26a1-41bf-ba33-b7693844a9bc","lti_tenant":"https://terracotta.instructure.com"}},"organization":{"id":"https://terracotta.instructure.com/courses/138","type":"CourseOffering","name":"Terracotta Quick Start Guide Course"},"roles":["Learner"],"status":"Active"},"federatedSession":{"id":"urn:session_id_localized:https://test.terracotta.education/lti/oauth_nonce/264198ed3f276c64aa397cb03a205f2928d7e39620878007a563eaffaf547066","type":"LtiSession","messageParameters":{"canvas_course_id":"138","lti_context_id":"f436db132fc4aa46006c0f246b5550bed3f33237","canvas_assignment_id":"1602","canvas_roles":["http://purl.imsglobal.org/vocab/lis/v2/institution/person#Student","http://purl.imsglobal.org/vocab/lis/v2/membership#Learner","http://purl.imsglobal.org/vocab/lis/v2/system/person#User"]}}}]},{"sendTime":"2022-11-04T21:18:05.276Z","dataVersion":"http://purl.imsglobal.org/ctx/caliper/v1p2","data":[{"@context":"http://purl.imsglobal.org/ctx/caliper/v1p2","type":"AssessmentEvent","id":"urn:uuid:77bdad40-2239-4db8-b181-5ffdd0f327d6","actor":{"id":"https://test.terracotta.education/users/572","type":"Person","extensions":{"terracotta_participant_id":7468,"lti_id":"1492239b-9e77-42a1-b3da-c6b4cf3b86cb","lti_tenant":"https://terracotta.instructure.com"}},"action":"Started","object":{"maxScore":15.0,"id":"https://test.terracotta.education/api/experiments/640/conditions/1194/treatments/733/assessments/726","type":"Assessment","name":"Inconsistent","extensions":{"terracotta_assessment_id":726,"terracotta_condition_id":1194,"terracotta_exposure_id":961,"terracotta_assignment_id":483,"canvas_assessment":"https://terracotta.instructure.com/courses/138/assignments/1601","terracotta_treatment_id":733},"version":"1"},"generated":{"startedAtTime":"2022-11-04T21:18:05.269Z","id":"https://test.terracotta.education/api/experiments/640/conditions/1194/treatments/733/assessments/726/submissions/3548","type":"Attempt","dateCreated":"2022-11-04T21:18:05.269Z","assignable":{"maxScore":15.0,"id":"https://test.terracotta.education/api/experiments/640/conditions/1194/treatments/733/assessments/726","type":"Assessment","name":"Inconsistent","extensions":{"terracotta_assessment_id":726,"terracotta_condition_id":1194,"terracotta_exposure_id":961,"terracotta_assignment_id":483,"canvas_assessment":"https://terracotta.instructure.com/courses/138/assignments/1601","terracotta_treatment_id":733},"version":"1"},"assignee":{"id":"https://test.terracotta.education/users/572","type":"Person","extensions":{"terracotta_participant_id":7468,"lti_id":"1492239b-9e77-42a1-b3da-c6b4cf3b86cb","lti_tenant":"https://terracotta.instructure.com"}},"count":1},"referrer":{"id":"https://terracotta.instructure.com","type":"SoftwareApplication"},"eventTime":"2022-11-04T21:18:05.276Z","edApp":{"id":"https://test.terracotta.education","type":"SoftwareApplication","name":"Terracotta TEST"},"group":{"id":"https://terracotta.instructure.com/courses/138","type":"CourseOffering","name":"Terracotta Quick Start Guide Course"},"membership":{"id":"https://terracotta.instructure.com/courses/138","type":"Membership","member":{"id":"https://test.terracotta.education/users/572","type":"Person","extensions":{"terracotta_participant_id":7468,"lti_id":"1492239b-9e77-42a1-b3da-c6b4cf3b86cb","lti_tenant":"https://terracotta.instructure.com"}},"organization":{"id":"https://terracotta.instructure.com/courses/138","type":"CourseOffering","name":"Terracotta Quick Start Guide Course"},"roles":["Learner"],"status":"Active"},"federatedSession":{"id":"urn:session_id_localized:https://test.terracotta.education/lti/oauth_nonce/5d5d2c8b266be82d5869ed7216bfbcee62639b00f8dd4c5af72ffe6eeceee1c8","type":"LtiSession","messageParameters":{"canvas_course_id":"138","lti_context_id":"f436db132fc4aa46006c0f246b5550bed3f33237","canvas_assignment_id":"1601","canvas_roles":["http://purl.imsglobal.org/vocab/lis/v2/institution/person#Student","http://purl.imsglobal.org/vocab/lis/v2/membership#Learner","http://purl.imsglobal.org/vocab/lis/v2/system/person#User"]}}}]},{"sendTime":"2022-11-04T21:18:22.805Z","dataVersion":"http://purl.imsglobal.org/ctx/caliper/v1p2","data":[{"@context":"http://purl.imsglobal.org/ctx/caliper/v1p2","type":"AssessmentEvent","id":"urn:uuid:f103bce1-4a24-405d-bad4-50365fa02876","actor":{"id":"https://test.terracotta.education/users/572","type":"Person","extensions":{"terracotta_participant_id":7468,"lti_id":"1492239b-9e77-42a1-b3da-c6b4cf3b86cb","lti_tenant":"https://terracotta.instructure.com"}},"action":"Submitted","object":{"maxScore":15.0,"id":"https://test.terracotta.education/api/experiments/640/conditions/1194/treatments/733/assessments/726","type":"Assessment","name":"Inconsistent","extensions":{"terracotta_assessment_id":726,"terracotta_condition_id":1194,"terracotta_exposure_id":961,"terracotta_assignment_id":483,"canvas_assessment":"https://terracotta.instructure.com/courses/138/assignments/1601","terracotta_treatment_id":733},"version":"1"},"generated":{"startedAtTime":"2022-11-04T21:18:05.000Z","endedAtTime":"2022-11-04T21:18:22.000Z","id":"https://test.terracotta.education/api/experiments/640/conditions/1194/treatments/733/assessments/726/submissions/3548","type":"Attempt","dateCreated":"2022-11-04T21:18:05.000Z","assignable":{"maxScore":15.0,"id":"https://test.terracotta.education/api/experiments/640/conditions/1194/treatments/733/assessments/726","type":"Assessment","name":"Inconsistent","extensions":{"terracotta_assessment_id":726,"terracotta_condition_id":1194,"terracotta_exposure_id":961,"terracotta_assignment_id":483,"canvas_assessment":"https://terracotta.instructure.com/courses/138/assignments/1601","terracotta_treatment_id":733},"version":"1"},"assignee":{"id":"https://test.terracotta.education/users/572","type":"Person","extensions":{"terracotta_participant_id":7468,"lti_id":"1492239b-9e77-42a1-b3da-c6b4cf3b86cb","lti_tenant":"https://terracotta.instructure.com"}},"count":1},"referrer":{"id":"https://terracotta.instructure.com","type":"SoftwareApplication"},"eventTime":"2022-11-04T21:18:22.805Z","edApp":{"id":"https://test.terracotta.education","type":"SoftwareApplication","name":"Terracotta TEST"},"group":{"id":"https://terracotta.instructure.com/courses/138","type":"CourseOffering","name":"Terracotta Quick Start Guide Course"},"membership":{"id":"https://terracotta.instructure.com/courses/138","type":"Membership","member":{"id":"https://test.terracotta.education/users/572","type":"Person","extensions":{"terracotta_participant_id":7468,"lti_id":"1492239b-9e77-42a1-b3da-c6b4cf3b86cb","lti_tenant":"https://terracotta.instructure.com"}},"organization":{"id":"https://terracotta.instructure.com/courses/138","type":"CourseOffering","name":"Terracotta Quick Start Guide Course"},"roles":["Learner"],"status":"Active"},"federatedSession":{"id":"urn:session_id_localized:https://test.terracotta.education/lti/oauth_nonce/5d5d2c8b266be82d5869ed7216bfbcee62639b00f8dd4c5af72ffe6eeceee1c8","type":"LtiSession","messageParameters":{"canvas_course_id":"138","lti_context_id":"f436db132fc4aa46006c0f246b5550bed3f33237","canvas_assignment_id":"1601","canvas_roles":["http://purl.imsglobal.org/vocab/lis/v2/institution/person#Student","http://purl.imsglobal.org/vocab/lis/v2/membership#Learner","http://purl.imsglobal.org/vocab/lis/v2/system/person#User"]}}}]},{"sendTime":"2022-11-04T21:18:36.747Z","dataVersion":"http://purl.imsglobal.org/ctx/caliper/v1p2","data":[{"@context":"http://purl.imsglobal.org/ctx/caliper/v1p2","type":"AssessmentEvent","id":"urn:uuid:ed714f19-4632-4ea8-a30f-d6ab790be7bc","actor":{"id":"https://test.terracotta.education/users/572","type":"Person","extensions":{"terracotta_participant_id":7468,"lti_id":"1492239b-9e77-42a1-b3da-c6b4cf3b86cb","lti_tenant":"https://terracotta.instructure.com"}},"action":"Started","object":{"maxScore":15.0,"id":"https://test.terracotta.education/api/experiments/640/conditions/1193/treatments/734/assessments/727","type":"Assessment","name":"Consistent","extensions":{"terracotta_assessment_id":727,"terracotta_condition_id":1193,"terracotta_exposure_id":962,"terracotta_assignment_id":484,"canvas_assessment":"https://terracotta.instructure.com/courses/138/assignments/1602","terracotta_treatment_id":734},"version":"1"},"generated":{"startedAtTime":"2022-11-04T21:18:36.741Z","id":"https://test.terracotta.education/api/experiments/640/conditions/1193/treatments/734/assessments/727/submissions/3549","type":"Attempt","dateCreated":"2022-11-04T21:18:36.741Z","assignable":{"maxScore":15.0,"id":"https://test.terracotta.education/api/experiments/640/conditions/1193/treatments/734/assessments/727","type":"Assessment","name":"Consistent","extensions":{"terracotta_assessment_id":727,"terracotta_condition_id":1193,"terracotta_exposure_id":962,"terracotta_assignment_id":484,"canvas_assessment":"https://terracotta.instructure.com/courses/138/assignments/1602","terracotta_treatment_id":734},"version":"1"},"assignee":{"id":"https://test.terracotta.education/users/572","type":"Person","extensions":{"terracotta_participant_id":7468,"lti_id":"1492239b-9e77-42a1-b3da-c6b4cf3b86cb","lti_tenant":"https://terracotta.instructure.com"}},"count":1},"referrer":{"id":"https://terracotta.instructure.com","type":"SoftwareApplication"},"eventTime":"2022-11-04T21:18:36.747Z","edApp":{"id":"https://test.terracotta.education","type":"SoftwareApplication","name":"Terracotta TEST"},"group":{"id":"https://terracotta.instructure.com/courses/138","type":"CourseOffering","name":"Terracotta Quick Start Guide Course"},"membership":{"id":"https://terracotta.instructure.com/courses/138","type":"Membership","member":{"id":"https://test.terracotta.education/users/572","type":"Person","extensions":{"terracotta_participant_id":7468,"lti_id":"1492239b-9e77-42a1-b3da-c6b4cf3b86cb","lti_tenant":"https://terracotta.instructure.com"}},"organization":{"id":"https://terracotta.instructure.com/courses/138","type":"CourseOffering","name":"Terracotta Quick Start Guide Course"},"roles":["Learner"],"status":"Active"},"federatedSession":{"id":"urn:session_id_localized:https://test.terracotta.education/lti/oauth_nonce/14af6ba8038cd8091278ac06581ca00aa427e16f10d55b9b40a1cd3c45172f31","type":"LtiSession","messageParameters":{"canvas_course_id":"138","lti_context_id":"f436db132fc4aa46006c0f246b5550bed3f33237","canvas_assignment_id":"1602","canvas_roles":["http://purl.imsglobal.org/vocab/lis/v2/institution/person#Student","http://purl.imsglobal.org/vocab/lis/v2/membership#Learner","http://purl.imsglobal.org/vocab/lis/v2/system/person#User"]}}}]},{"sendTime":"2022-11-04T21:19:09.558Z","dataVersion":"http://purl.imsglobal.org/ctx/caliper/v1p2","data":[{"@context":"http://purl.imsglobal.org/ctx/caliper/v1p2","type":"AssessmentEvent","id":"urn:uuid:69d168d3-1fd5-4043-a577-94628e6287f3","actor":{"id":"https://test.terracotta.education/users/572","type":"Person","extensions":{"terracotta_participant_id":7468,"lti_id":"1492239b-9e77-42a1-b3da-c6b4cf3b86cb","lti_tenant":"https://terracotta.instructure.com"}},"action":"Submitted","object":{"maxScore":15.0,"id":"https://test.terracotta.education/api/experiments/640/conditions/1193/treatments/734/assessments/727","type":"Assessment","name":"Consistent","extensions":{"terracotta_assessment_id":727,"terracotta_condition_id":1193,"terracotta_exposure_id":962,"terracotta_assignment_id":484,"canvas_assessment":"https://terracotta.instructure.com/courses/138/assignments/1602","terracotta_treatment_id":734},"version":"1"},"generated":{"startedAtTime":"2022-11-04T21:18:37.000Z","endedAtTime":"2022-11-04T21:19:09.000Z","id":"https://test.terracotta.education/api/experiments/640/conditions/1193/treatments/734/assessments/727/submissions/3549","type":"Attempt","dateCreated":"2022-11-04T21:18:37.000Z","assignable":{"maxScore":15.0,"id":"https://test.terracotta.education/api/experiments/640/conditions/1193/treatments/734/assessments/727","type":"Assessment","name":"Consistent","extensions":{"terracotta_assessment_id":727,"terracotta_condition_id":1193,"terracotta_exposure_id":962,"terracotta_assignment_id":484,"canvas_assessment":"https://terracotta.instructure.com/courses/138/assignments/1602","terracotta_treatment_id":734},"version":"1"},"assignee":{"id":"https://test.terracotta.education/users/572","type":"Person","extensions":{"terracotta_participant_id":7468,"lti_id":"1492239b-9e77-42a1-b3da-c6b4cf3b86cb","lti_tenant":"https://terracotta.instructure.com"}},"count":1},"referrer":{"id":"https://terracotta.instructure.com","type":"SoftwareApplication"},"eventTime":"2022-11-04T21:19:09.558Z","edApp":{"id":"https://test.terracotta.education","type":"SoftwareApplication","name":"Terracotta TEST"},"group":{"id":"https://terracotta.instructure.com/courses/138","type":"CourseOffering","name":"Terracotta Quick Start Guide Course"},"membership":{"id":"https://terracotta.instructure.com/courses/138","type":"Membership","member":{"id":"https://test.terracotta.education/users/572","type":"Person","extensions":{"terracotta_participant_id":7468,"lti_id":"1492239b-9e77-42a1-b3da-c6b4cf3b86cb","lti_tenant":"https://terracotta.instructure.com"}},"organization":{"id":"https://terracotta.instructure.com/courses/138","type":"CourseOffering","name":"Terracotta Quick Start Guide Course"},"roles":["Learner"],"status":"Active"},"federatedSession":{"id":"urn:session_id_localized:https://test.terracotta.education/lti/oauth_nonce/14af6ba8038cd8091278ac06581ca00aa427e16f10d55b9b40a1cd3c45172f31","type":"LtiSession","messageParameters":{"canvas_course_id":"138","lti_context_id":"f436db132fc4aa46006c0f246b5550bed3f33237","canvas_assignment_id":"1602","canvas_roles":["http://purl.imsglobal.org/vocab/lis/v2/institution/person#Student","http://purl.imsglobal.org/vocab/lis/v2/membership#Learner","http://purl.imsglobal.org/vocab/lis/v2/system/person#User"]}}}]},{"sendTime":"2022-11-04T21:20:19.212Z","dataVersion":"http://purl.imsglobal.org/ctx/caliper/v1p2","data":[{"@context":"http://purl.imsglobal.org/ctx/caliper/v1p2","type":"AssessmentEvent","id":"urn:uuid:d9b91082-3e7d-4a73-9a26-3e5fe6a95d7e","actor":{"id":"https://test.terracotta.education/users/573","type":"Person","extensions":{"terracotta_participant_id":7469,"lti_id":"244cfbca-8b15-4352-b3fd-263b57d8b62c","lti_tenant":"https://terracotta.instructure.com"}},"action":"Started","object":{"maxScore":15.0,"id":"https://test.terracotta.education/api/experiments/640/conditions/1193/treatments/732/assessments/725","type":"Assessment","name":"Consistent","extensions":{"terracotta_assessment_id":725,"terracotta_condition_id":1193,"terracotta_exposure_id":961,"terracotta_assignment_id":483,"canvas_assessment":"https://terracotta.instructure.com/courses/138/assignments/1601","terracotta_treatment_id":732},"version":"1"},"generated":{"startedAtTime":"2022-11-04T21:20:19.207Z","id":"https://test.terracotta.education/api/experiments/640/conditions/1193/treatments/732/assessments/725/submissions/3550","type":"Attempt","dateCreated":"2022-11-04T21:20:19.207Z","assignable":{"maxScore":15.0,"id":"https://test.terracotta.education/api/experiments/640/conditions/1193/treatments/732/assessments/725","type":"Assessment","name":"Consistent","extensions":{"terracotta_assessment_id":725,"terracotta_condition_id":1193,"terracotta_exposure_id":961,"terracotta_assignment_id":483,"canvas_assessment":"https://terracotta.instructure.com/courses/138/assignments/1601","terracotta_treatment_id":732},"version":"1"},"assignee":{"id":"https://test.terracotta.education/users/573","type":"Person","extensions":{"terracotta_participant_id":7469,"lti_id":"244cfbca-8b15-4352-b3fd-263b57d8b62c","lti_tenant":"https://terracotta.instructure.com"}},"count":1},"referrer":{"id":"https://terracotta.instructure.com","type":"SoftwareApplication"},"eventTime":"2022-11-04T21:20:19.212Z","edApp":{"id":"https://test.terracotta.education","type":"SoftwareApplication","name":"Terracotta TEST"},"group":{"id":"https://terracotta.instructure.com/courses/138","type":"CourseOffering","name":"Terracotta Quick Start Guide Course"},"membership":{"id":"https://terracotta.instructure.com/courses/138","type":"Membership","member":{"id":"https://test.terracotta.education/users/573","type":"Person","extensions":{"terracotta_participant_id":7469,"lti_id":"244cfbca-8b15-4352-b3fd-263b57d8b62c","lti_tenant":"https://terracotta.instructure.com"}},"organization":{"id":"https://terracotta.instructure.com/courses/138","type":"CourseOffering","name":"Terracotta Quick Start Guide Course"},"roles":["Learner"],"status":"Active"},"federatedSession":{"id":"urn:session_id_localized:https://test.terracotta.education/lti/oauth_nonce/76c106f323f87a80e116cf622f77f57632870bc88007ca8e4bad9633c240676d","type":"LtiSession","messageParameters":{"canvas_course_id":"138","lti_context_id":"f436db132fc4aa46006c0f246b5550bed3f33237","canvas_assignment_id":"1601","canvas_roles":["http://purl.imsglobal.org/vocab/lis/v2/institution/person#Student","http://purl.imsglobal.org/vocab/lis/v2/membership#Learner","http://purl.imsglobal.org/vocab/lis/v2/system/person#User"]}}}]},{"sendTime":"2022-11-04T21:20:32.410Z","dataVersion":"http://purl.imsglobal.org/ctx/caliper/v1p2","data":[{"@context":"http://purl.imsglobal.org/ctx/caliper/v1p2","type":"AssessmentEvent","id":"urn:uuid:89fd3639-ccac-4d3b-a4e9-d79db90e703e","actor":{"id":"https://test.terracotta.education/users/573","type":"Person","extensions":{"terracotta_participant_id":7469,"lti_id":"244cfbca-8b15-4352-b3fd-263b57d8b62c","lti_tenant":"https://terracotta.instructure.com"}},"action":"Submitted","object":{"maxScore":15.0,"id":"https://test.terracotta.education/api/experiments/640/conditions/1193/treatments/732/assessments/725","type":"Assessment","name":"Consistent","extensions":{"terracotta_assessment_id":725,"terracotta_condition_id":1193,"terracotta_exposure_id":961,"terracotta_assignment_id":483,"canvas_assessment":"https://terracotta.instructure.com/courses/138/assignments/1601","terracotta_treatment_id":732},"version":"1"},"generated":{"startedAtTime":"2022-11-04T21:20:19.000Z","endedAtTime":"2022-11-04T21:20:32.000Z","id":"https://test.terracotta.education/api/experiments/640/conditions/1193/treatments/732/assessments/725/submissions/3550","type":"Attempt","dateCreated":"2022-11-04T21:20:19.000Z","assignable":{"maxScore":15.0,"id":"https://test.terracotta.education/api/experiments/640/conditions/1193/treatments/732/assessments/725","type":"Assessment","name":"Consistent","extensions":{"terracotta_assessment_id":725,"terracotta_condition_id":1193,"terracotta_exposure_id":961,"terracotta_assignment_id":483,"canvas_assessment":"https://terracotta.instructure.com/courses/138/assignments/1601","terracotta_treatment_id":732},"version":"1"},"assignee":{"id":"https://test.terracotta.education/users/573","type":"Person","extensions":{"terracotta_participant_id":7469,"lti_id":"244cfbca-8b15-4352-b3fd-263b57d8b62c","lti_tenant":"https://terracotta.instructure.com"}},"count":1},"referrer":{"id":"https://terracotta.instructure.com","type":"SoftwareApplication"},"eventTime":"2022-11-04T21:20:32.410Z","edApp":{"id":"https://test.terracotta.education","type":"SoftwareApplication","name":"Terracotta TEST"},"group":{"id":"https://terracotta.instructure.com/courses/138","type":"CourseOffering","name":"Terracotta Quick Start Guide Course"},"membership":{"id":"https://terracotta.instructure.com/courses/138","type":"Membership","member":{"id":"https://test.terracotta.education/users/573","type":"Person","extensions":{"terracotta_participant_id":7469,"lti_id":"244cfbca-8b15-4352-b3fd-263b57d8b62c","lti_tenant":"https://terracotta.instructure.com"}},"organization":{"id":"https://terracotta.instructure.com/courses/138","type":"CourseOffering","name":"Terracotta Quick Start Guide Course"},"roles":["Learner"],"status":"Active"},"federatedSession":{"id":"urn:session_id_localized:https://test.terracotta.education/lti/oauth_nonce/76c106f323f87a80e116cf622f77f57632870bc88007ca8e4bad9633c240676d","type":"LtiSession","messageParameters":{"canvas_course_id":"138","lti_context_id":"f436db132fc4aa46006c0f246b5550bed3f33237","canvas_assignment_id":"1601","canvas_roles":["http://purl.imsglobal.org/vocab/lis/v2/institution/person#Student","http://purl.imsglobal.org/vocab/lis/v2/membership#Learner","http://purl.imsglobal.org/vocab/lis/v2/system/person#User"]}}}]},{"sendTime":"2022-11-04T21:20:44.224Z","dataVersion":"http://purl.imsglobal.org/ctx/caliper/v1p2","data":[{"@context":"http://purl.imsglobal.org/ctx/caliper/v1p2","type":"AssessmentEvent","id":"urn:uuid:6ba06822-a980-4432-85a0-e27b43bd7cf2","actor":{"id":"https://test.terracotta.education/users/573","type":"Person","extensions":{"terracotta_participant_id":7469,"lti_id":"244cfbca-8b15-4352-b3fd-263b57d8b62c","lti_tenant":"https://terracotta.instructure.com"}},"action":"Started","object":{"maxScore":15.0,"id":"https://test.terracotta.education/api/experiments/640/conditions/1194/treatments/735/assessments/728","type":"Assessment","name":"Inconsistent","extensions":{"terracotta_assessment_id":728,"terracotta_condition_id":1194,"terracotta_exposure_id":962,"terracotta_assignment_id":484,"canvas_assessment":"https://terracotta.instructure.com/courses/138/assignments/1602","terracotta_treatment_id":735},"version":"1"},"generated":{"startedAtTime":"2022-11-04T21:20:44.219Z","id":"https://test.terracotta.education/api/experiments/640/conditions/1194/treatments/735/assessments/728/submissions/3551","type":"Attempt","dateCreated":"2022-11-04T21:20:44.219Z","assignable":{"maxScore":15.0,"id":"https://test.terracotta.education/api/experiments/640/conditions/1194/treatments/735/assessments/728","type":"Assessment","name":"Inconsistent","extensions":{"terracotta_assessment_id":728,"terracotta_condition_id":1194,"terracotta_exposure_id":962,"terracotta_assignment_id":484,"canvas_assessment":"https://terracotta.instructure.com/courses/138/assignments/1602","terracotta_treatment_id":735},"version":"1"},"assignee":{"id":"https://test.terracotta.education/users/573","type":"Person","extensions":{"terracotta_participant_id":7469,"lti_id":"244cfbca-8b15-4352-b3fd-263b57d8b62c","lti_tenant":"https://terracotta.instructure.com"}},"count":1},"referrer":{"id":"https://terracotta.instructure.com","type":"SoftwareApplication"},"eventTime":"2022-11-04T21:20:44.224Z","edApp":{"id":"https://test.terracotta.education","type":"SoftwareApplication","name":"Terracotta TEST"},"group":{"id":"https://terracotta.instructure.com/courses/138","type":"CourseOffering","name":"Terracotta Quick Start Guide Course"},"membership":{"id":"https://terracotta.instructure.com/courses/138","type":"Membership","member":{"id":"https://test.terracotta.education/users/573","type":"Person","extensions":{"terracotta_participant_id":7469,"lti_id":"244cfbca-8b15-4352-b3fd-263b57d8b62c","lti_tenant":"https://terracotta.instructure.com"}},"organization":{"id":"https://terracotta.instructure.com/courses/138","type":"CourseOffering","name":"Terracotta Quick Start Guide Course"},"roles":["Learner"],"status":"Active"},"federatedSession":{"id":"urn:session_id_localized:https://test.terracotta.education/lti/oauth_nonce/ef128acd845660fd7f102256f9801b697324e6922ff644ae7b9387b5fa578ea5","type":"LtiSession","messageParameters":{"canvas_course_id":"138","lti_context_id":"f436db132fc4aa46006c0f246b5550bed3f33237","canvas_assignment_id":"1602","canvas_roles":["http://purl.imsglobal.org/vocab/lis/v2/institution/person#Student","http://purl.imsglobal.org/vocab/lis/v2/membership#Learner","http://purl.imsglobal.org/vocab/lis/v2/system/person#User"]}}}]},{"sendTime":"2022-11-04T21:21:08.862Z","dataVersion":"http://purl.imsglobal.org/ctx/caliper/v1p2","data":[{"@context":"http://purl.imsglobal.org/ctx/caliper/v1p2","type":"AssessmentEvent","id":"urn:uuid:43461e07-857c-4f7a-8bb3-6947c14637eb","actor":{"id":"https://test.terracotta.education/users/573","type":"Person","extensions":{"terracotta_participant_id":7469,"lti_id":"244cfbca-8b15-4352-b3fd-263b57d8b62c","lti_tenant":"https://terracotta.instructure.com"}},"action":"Submitted","object":{"maxScore":15.0,"id":"https://test.terracotta.education/api/experiments/640/conditions/1194/treatments/735/assessments/728","type":"Assessment","name":"Inconsistent","extensions":{"terracotta_assessment_id":728,"terracotta_condition_id":1194,"terracotta_exposure_id":962,"terracotta_assignment_id":484,"canvas_assessment":"https://terracotta.instructure.com/courses/138/assignments/1602","terracotta_treatment_id":735},"version":"1"},"generated":{"startedAtTime":"2022-11-04T21:20:44.000Z","endedAtTime":"2022-11-04T21:21:08.000Z","id":"https://test.terracotta.education/api/experiments/640/conditions/1194/treatments/735/assessments/728/submissions/3551","type":"Attempt","dateCreated":"2022-11-04T21:20:44.000Z","assignable":{"maxScore":15.0,"id":"https://test.terracotta.education/api/experiments/640/conditions/1194/treatments/735/assessments/728","type":"Assessment","name":"Inconsistent","extensions":{"terracotta_assessment_id":728,"terracotta_condition_id":1194,"terracotta_exposure_id":962,"terracotta_assignment_id":484,"canvas_assessment":"https://terracotta.instructure.com/courses/138/assignments/1602","terracotta_treatment_id":735},"version":"1"},"assignee":{"id":"https://test.terracotta.education/users/573","type":"Person","extensions":{"terracotta_participant_id":7469,"lti_id":"244cfbca-8b15-4352-b3fd-263b57d8b62c","lti_tenant":"https://terracotta.instructure.com"}},"count":1},"referrer":{"id":"https://terracotta.instructure.com","type":"SoftwareApplication"},"eventTime":"2022-11-04T21:21:08.862Z","edApp":{"id":"https://test.terracotta.education","type":"SoftwareApplication","name":"Terracotta TEST"},"group":{"id":"https://terracotta.instructure.com/courses/138","type":"CourseOffering","name":"Terracotta Quick Start Guide Course"},"membership":{"id":"https://terracotta.instructure.com/courses/138","type":"Membership","member":{"id":"https://test.terracotta.education/users/573","type":"Person","extensions":{"terracotta_participant_id":7469,"lti_id":"244cfbca-8b15-4352-b3fd-263b57d8b62c","lti_tenant":"https://terracotta.instructure.com"}},"organization":{"id":"https://terracotta.instructure.com/courses/138","type":"CourseOffering","name":"Terracotta Quick Start Guide Course"},"roles":["Learner"],"status":"Active"},"federatedSession":{"id":"urn:session_id_localized:https://test.terracotta.education/lti/oauth_nonce/ef128acd845660fd7f102256f9801b697324e6922ff644ae7b9387b5fa578ea5","type":"LtiSession","messageParameters":{"canvas_course_id":"138","lti_context_id":"f436db132fc4aa46006c0f246b5550bed3f33237","canvas_assignment_id":"1602","canvas_roles":["http://purl.imsglobal.org/vocab/lis/v2/institution/person#Student","http://purl.imsglobal.org/vocab/lis/v2/membership#Learner","http://purl.imsglobal.org/vocab/lis/v2/system/person#User"]}}}]}]