outcome_id,participant_id,exposure_id,source,outcome_name,points_possible,outcome_score,condition_name,condition_id
177,7466,961,online_text_entry,Midterm Exam,100,89,Inconsistent,1194
177,7467,961,online_text_entry,Midterm Exam,100,94,Consistent,1193
177,7468,961,online_text_entry,Midterm Exam,100,84,Inconsistent,1194
177,7469,961,online_text_entry,Midterm Exam,100,90,Consistent,1193
178,7466,962,online_text_entry,Final Exam,100,93,Consistent,1193
178,7467,962,online_text_entry,Final Exam,100,84,Inconsistent,1194
178,7468,962,online_text_entry,Final Exam,100,98,Consistent,1193
178,7469,962,online_text_entry,Final Exam,100,89,Inconsistent,1194
