"participant_id","exposure_id","condition_id","condition_name","assignment_id","assignment_name","treatment_id","grade_type","attempts_allowed","time_required_between_attempts","final_score"
"7465","961","1193","Consistent","483","Assignment 1 (QSG)","732","MOST_RECENT","unlimited","N/A","15.0"
"7465","962","1194","Inconsistent","484","Assignment 2 (QSG)","735","MOST_RECENT","unlimited","N/A","15.0"
"7466","961","1194","Inconsistent","483","Assignment 1 (QSG)","733","MOST_RECENT","unlimited","N/A","10.0"
"7466","962","1193","Consistent","484","Assignment 2 (QSG)","734","MOST_RECENT","unlimited","N/A","15.0"
"7467","961","1193","Consistent","483","Assignment 1 (QSG)","732","MOST_RECENT","unlimited","N/A","15.0"
"7467","962","1194","Inconsistent","484","Assignment 2 (QSG)","735","MOST_RECENT","unlimited","N/A","5.0"
"7468","961","1194","Inconsistent","483","Assignment 1 (QSG)","733","MOST_RECENT","unlimited","N/A","10.0"
"7468","962","1193","Consistent","484","Assignment 2 (QSG)","734","MOST_RECENT","unlimited","N/A","15.0"
"7469","961","1193","Consistent","483","Assignment 1 (QSG)","732","MOST_RECENT","unlimited","N/A","15.0"
"7469","962","1194","Inconsistent","484","Assignment 2 (QSG)","735","MOST_RECENT","unlimited","N/A","10.0"
